<?xml version="1.0" encoding="UTF-8"?><?xml-stylesheet type='text/xsl' href='_UpgradeReport_Files/UpgradeReport.xslt'?><UpgradeLog>
<Properties><Property Name="Solution" Value="hrmsprojecting">
</Property><Property Name="Solution File" Value="E:\DIPLOMA PROJECTS 08-09\DOTNET\DIA01-30\DIA03\PROJECT\hrmsprojecting\hrmsprojecting.sln">
</Property><Property Name="User Options File" Value="E:\DIPLOMA PROJECTS 08-09\DOTNET\DIA01-30\DIA03\PROJECT\hrmsprojecting\hrmsprojecting.suo">
</Property><Property Name="Date" Value="Monday, February 01, 2010">
</Property><Property Name="Time" Value="9:28 AM">
</Property></Properties><Event ErrorLevel="0" Project="" Source="hrmsprojecting.sln" Description="File successfully backed up as E:\DIPLOMA PROJECTS 08-09\DOTNET\DIA01-30\DIA03\PROJECT\hrmsprojecting\Backup\hrmsprojecting.sln">
</Event><Event ErrorLevel="0" Project="" Source="hrmsprojecting.suo" Description="File successfully backed up as E:\DIPLOMA PROJECTS 08-09\DOTNET\DIA01-30\DIA03\PROJECT\hrmsprojecting\Backup\hrmsprojecting.suo">
</Event><Event ErrorLevel="1" Project="hrmsprojecting" Source="http://localhost/hrmsprojecting-22-07/hrmsprojecting.csproj" Description="Warning: The project file is being backed up to a relative path that differs from the original solution relative path.  The difference in folder hierarchy may create problems in opening or building the backed up solution and project.">
</Event><Event ErrorLevel="2" Project="http://localhost/hrmsprojecting-22-07/" Source="http://localhost/hrmsprojecting-22-07/" Description="ERROR: Failed to backup website http://localhost/hrmsprojecting-22-07/">
</Event><Event ErrorLevel="0" Project="" Source="hrmsprojecting.sln" Description="Solution converted successfully">
</Event><Event ErrorLevel="3" Project="" Source="hrmsprojecting.sln" Description="Converted">
</Event></UpgradeLog>